x0,y0,z0,x1,y1,z1,x2,y2,z2,x3,y3,z3,x4,y4,z4,x5,y5,z5,x6,y6,z6,x7,y7,z7
1577.0,0.0,135.77368467755298,1655.3357777894184,262.0,165.2479420755074,1957.47008165172,1084.0,202.16968154929359,2258.231965646818,1871.0,227.99828498086754,2562.8487663002443,2630.0,191.7626661230587,2838.307104665765,3366.0,146.2614925337379,3130.087255951966,4169.0,123.6520414707765,3339.6827118626684,4730.0,63.34093517711126
1534.8285714285714,0.0,130.03561558130622,1615.2940730865414,262.0,158.67664173762245,1922.9841383278335,1084.0,194.48075024873378,2228.4012442961966,1871.0,219.3116398066697,2537.8040749663814,2630.0,183.77250195660605,2819.370273249953,3366.0,139.52923977927952,3117.288046008584,4169.0,118.40368321082214,3329.837840616842,4730.0,60.98290129535121
1492.6571428571428,0.0,124.29754648505946,1575.252368383664,262.0,152.10534139973745,1888.498195003947,1084.0,186.79181894817395,2198.5705229455743,1871.0,210.62499463247195,2512.759383632519,2630.0,175.78233779015324,2800.433441834141,3366.0,132.7969870248212,3104.4888360652017,4169.0,113.15532495086778,3319.9929693710164,4730.0,58.62486741359129
1450.4857142857143,0.0,118.55947738881267,1535.2106636807866,262.0,145.53404106185243,1854.0122516800602,1084.0,179.10288764761418,2168.739801594953,1871.0,201.93834945827416,2487.7146922986567,2630.0,167.79217362370053,2781.4966104183286,3366.0,126.0647342703629,3091.6896261218194,4169.0,107.90696669091345,3310.1480981251907,4730.0,56.26683353183137
1408.3142857142857,0.0,112.8214082925659,1495.1689589779091,262.0,138.96274072396744,1819.5263083561736,1084.0,171.41395634705435,2138.909080244331,1871.0,193.25170428407637,2462.6700009647943,2630.0,159.80200945724778,2762.5597790025167,3366.0,119.33248151590458,3078.890416178437,4169.0,102.65860843095912,3300.3032268793645,4730.0,53.908799650071415
1366.142857142857,0.0,107.08333919631914,1455.1272542750314,262.0,132.39144038608242,1785.0403650322871,1084.0,163.72502504649455,2109.0783588937093,1871.0,184.56505910987858,2437.625309630932,2630.0,151.81184529079502,2743.6229475867044,3366.0,112.60022876144625,3066.091206235055,4169.0,97.41025017100476,3290.4583556335388,4730.0,51.55076576831149
1323.9714285714285,0.0,101.34527010007236,1415.0855495721542,262.0,125.82014004819746,1750.5544217084002,1084.0,156.0360937459347,2079.2476375430874,1871.0,175.87841393568073,2412.5806182970696,2630.0,143.82168112434232,2724.686116170892,3366.0,105.86797600698792,3053.2919962916726,4169.0,92.16189191105043,3280.613484387713,4730.0,49.19273188655157
1281.8,0.0,95.6072010038256,1375.0438448692767,262.0,119.2488397103125,1716.0684783845138,1084.0,148.3471624453749,2049.4169161924656,1871.0,167.19176876148293,2387.535926963207,2630.0,135.83151695788956,2705.74928475508,3366.0,99.13572325252962,3040.4927863482903,4169.0,86.9135336510961,3270.7686131418873,4730.0,46.83469800479163
1239.6285714285714,0.0,89.86913190757883,1335.0021401663992,262.0,112.67753937242747,1681.5825350606272,1084.0,140.6582311448151,2019.5861948418437,1871.0,158.50512358728514,2362.4912356293444,2630.0,127.84135279143685,2686.812453339268,3366.0,92.40347049807131,3027.693576404908,4169.0,81.66517539114177,3260.9237418960615,4730.0,44.47666412303171
1197.4571428571428,0.0,84.13106281133204,1294.9604354635217,262.0,106.10623903454248,1647.0965917367405,1084.0,132.96929984425526,1989.755473491222,1871.0,149.81847841308735,2337.446544295482,2630.0,119.85118862498412,2667.8756219234556,3366.0,85.67121774361298,3014.894366461526,4169.0,76.41681713118744,3251.078870650236,4730.0,42.11863024127179
1155.2857142857142,0.0,78.39299371508528,1254.9187307606442,262.0,99.53493869665748,1612.6106484128538,1084.0,125.28036854369543,1959.9247521406,1871.0,141.13183323888956,2312.4018529616196,2630.0,111.86102445853136,2648.9387905076437,3366.0,78.93896498915463,3002.0951565181435,4169.0,71.16845887123309,3241.23399940441,4730.0,39.760596359511865
1113.1142857142856,0.0,72.65492461883849,1214.877026057767,262.0,92.96363835877253,1578.1247050889674,1084.0,117.59143724313563,1930.0940307899782,1871.0,132.44518806469176,2287.3571616277573,2630.0,103.8708602920786,2630.0019590918314,3366.0,72.20671223469633,2989.2959465747613,4169.0,65.92010061127876,3231.3891281585843,4730.0,37.40256247775194
1070.942857142857,0.0,66.91685552259173,1174.835321354889,262.0,86.39233802088748,1543.6387617650807,1084.0,109.90250594257583,1900.2633094393564,1871.0,123.75854289049396,2262.312470293895,2630.0,95.88069612562587,2611.065127676019,3366.0,65.474459480238,2976.496736631379,4169.0,60.671742351324426,3221.5442569127586,4730.0,35.04452859599202
1028.7714285714287,0.0,61.178786426344985,1134.7936166520117,262.0,79.82103768300252,1509.152818441194,1084.0,102.213574642016,1870.4325880887345,1871.0,115.07189771629614,2237.2677789600325,2630.0,87.89053195917312,2592.128296260207,3366.0,58.74220672577967,2963.6975266879967,4169.0,55.42338409137007,3211.6993856669324,4730.0,32.68649471423208
986.6,0.0,55.440717330098195,1094.7519119491342,262.0,73.24973734511751,1474.6668751173074,1084.0,94.52464334145618,1840.6018667381127,1871.0,106.38525254209831,2212.22308762617,2630.0,79.90036779272039,2573.191464844395,3366.0,52.00995397132135,2950.8983167446145,4169.0,50.17502583141574,3201.8545144211066,4730.0,30.328460832472157
944.4285714285714,0.0,49.702648233851434,1054.710207246257,262.0,66.67843700723252,1440.1809317934208,1084.0,86.83571204089637,1810.7711453874908,1871.0,97.69860736790052,2187.1783962923073,2630.0,71.91020362626766,2554.2546334285826,3366.0,45.27770121686302,2938.099106801232,4169.0,44.926667571461394,3192.009643175281,4730.0,27.970426950712227
902.2571428571429,0.0,43.96457913760466,1014.6685025433795,262.0,60.10713666934755,1405.694988469534,1084.0,79.14678074033654,1780.940424036869,1871.0,89.01196219370273,2162.1337049584454,2630.0,63.9200394598149,2535.3178020127707,3366.0,38.54544846240471,2925.29989685785,4169.0,39.678309311507064,3182.164771929455,4730.0,25.612393068952304
860.0857142857143,0.0,38.22651004135788,974.6267978405019,262.0,53.53583633146255,1371.2090451456475,1084.0,71.45784943977672,1751.1097026862471,1871.0,80.32531701950494,2137.0890136245825,2630.0,55.92987529336217,2516.3809705969584,3366.0,31.813195707946377,2912.5006869144677,4169.0,34.429951051552734,3172.3199006836294,4730.0,23.254359187192374
817.9142857142857,0.0,32.48844094511111,934.5850931376245,262.0,46.96453599357756,1336.7231018217608,1084.0,63.76891813921691,1721.2789813356253,1871.0,71.63867184530713,2112.04432229072,2630.0,47.93971112690943,2497.4441391811465,3366.0,25.080942953488062,2899.7014769710854,4169.0,29.181592791598373,3162.4750294378036,4730.0,20.896325305432438
775.7428571428571,0.0,26.750371848864333,894.543388434747,262.0,40.393235655692564,1302.2371584978741,1084.0,56.07998683865709,1691.4482599850035,1871.0,62.95202667110935,2086.999630956858,2630.0,39.949546960456686,2478.507307765334,3366.0,18.348690199029747,2886.902267027703,4169.0,23.933234531644043,3152.630158191978,4730.0,18.538291423672526
733.5714285714286,0.0,21.012302752617572,854.5016837318695,262.0,33.821935317807565,1267.7512151739875,1084.0,48.39105553809728,1661.6175386343816,1871.0,54.26538149691156,2061.9549396229954,2630.0,31.959382794003957,2459.570476349522,3366.0,11.616437444571417,2874.103057084321,4169.0,18.684876271689713,3142.785286946152,4730.0,16.180257541912592
691.4,0.0,15.274233656370797,814.4599790289922,262.0,27.250634979922587,1233.265271850101,1084.0,40.70212423753745,1631.78681728376,1871.0,45.57873632271374,2036.9102482891328,2630.0,23.969218627551214,2440.63364493371,3366.0,4.884184690113095,2861.3038471409386,4169.0,13.43651801173537,3132.9404157003264,4730.0,13.822223660152666
649.2285714285714,0.0,9.536164560124021,774.4182743261147,262.0,20.67933464203759,1198.7793285262144,1084.0,33.013192936977646,1601.9560959331382,1871.0,36.892091148515945,2011.8655569552704,2630.0,15.979054461098471,2421.6968135178977,3366.0,-1.8480680643452274,2848.504637197556,4169.0,8.188159751781026,3123.0955444545007,4730.0,11.464189778392747
607.0571428571428,0.0,3.798095463877246,734.3765696232373,262.0,14.108034304152604,1164.2933852023277,1084.0,25.324261636417823,1572.1253745825163,1871.0,28.205445974318152,1986.8208656214078,2630.0,7.988890294645728,2402.7599821020854,3366.0,-8.580320818803564,2835.7054272541736,4169.0,2.939801491826696,3113.2506732086745,4730.0,9.106155896632814
564.8857142857144,0.0,-1.939973632369508,694.3348649203598,262.0,7.536733966267602,1129.807441878441,1084.0,17.635330335858008,1542.2946532318945,1871.0,19.51880080012033,1961.7761742875455,2630.0,-0.00127387180700822,2383.8231506862735,3366.0,-15.312573573261865,2822.9062173107914,4169.0,-2.308556768127641,3103.4058019628487,4730.0,6.748122014872887
522.7142857142858,0.0,-7.678042728616276,654.2931602174823,262.0,0.9654336283826002,1095.3214985545544,1084.0,9.946399035298192,1512.4639318812726,1871.0,10.832155625922546,1936.731482953683,2630.0,-7.991438038259744,2364.886319270461,3366.0,-22.04482632772021,2810.107007367409,4169.0,-7.556915028081985,3093.560930717023,4730.0,4.390088133112959
480.54285714285714,0.0,-13.416111824863059,614.2514555146048,262.0,-5.605866709502384,1060.835555230668,1084.0,2.25746773473837,1482.6332105306508,1871.0,2.145510451724739,1911.6867916198207,2630.0,-15.981602204712487,2345.9494878546493,3366.0,-28.77707908217852,2797.307797424027,4169.0,-12.805273288036325,3088.3826340542482,4730.0,2.8430537063626655
438.37142857142857,0.0,-19.154180921109834,574.2097508117273,262.0,-12.177167047387378,1026.3496119067813,1084.0,-5.431463565821442,1452.802489180029,1871.0,-6.541134722473046,1886.6421002859583,2630.0,-23.971766371165227,2327.012656438837,3366.0,-35.509331836636846,2784.5085874806446,4169.0,-18.053631547990662,3077.5421759107126,4730.0,-0.38880821252373465
396.2,0.0,-24.892250017356602,534.1680461088499,262.0,-18.748467385272363,991.8636685828947,1084.0,-13.120394866381265,1422.9717678294073,1871.0,-15.227779896670846,1861.5974089520957,2630.0,-31.961930537617974,2308.0758250230247,3366.0,-42.241584591095176,2771.7093775372623,4169.0,-23.30198980794499,3067.223879988251,4730.0,-3.4443535610526945
354.0285714285714,0.0,-30.630319113603377,494.1263414059724,262.0,-25.31976772315736,957.377725259008,1084.0,-20.80932616694108,1393.1410464787853,1871.0,-23.914425070868653,1836.5527176182334,2630.0,-39.95209470407071,2289.138993607213,3366.0,-48.9738373455535,2758.91016759388,4169.0,-28.550348067899332,3057.4746224393807,4730.0,-6.284584032526848
311.8571428571429,0.0,-36.36838820985014,454.08463670309493,262.0,-31.891068061042354,922.8917819351213,1084.0,-28.498257467500892,1363.3103251281636,1871.0,-32.60107024506645,1811.508026284371,2630.0,-47.94225887052345,2270.2021621914005,3366.0,-55.70609010001182,2746.1109576504978,4169.0,-33.798706327853665,3048.3411972018753,4730.0,-8.875236897376936
269.6857142857143,0.0,-42.106457306096914,414.04293200021743,262.0,-38.46236839892734,888.4058386112347,1084.0,-36.18718876806071,1333.4796037775418,1871.0,-41.287715419264245,1786.4633349505084,2630.0,-55.93242303697619,2251.265330775588,3366.0,-62.438342854470136,2733.3117477071155,4169.0,-39.04706458780801,3039.8624116383507,4730.0,-11.183747024989225
227.5142857142857,0.0,-47.84452640234369,374.00122729734005,262.0,-45.03366873681234,853.9198952873481,1084.0,-43.87612006862052,1303.64888242692,1871.0,-49.97436059346205,1761.418643616646,2630.0,-63.922587203428925,2232.3284993597763,3366.0,-69.17059560892847,2730.3524682920793,4169.0,-39.70110939420121,3032.0709971550755,4730.0,-13.193358005586656
185.34285714285716,0.0,-53.58259549859046,333.95952259446256,262.0,-51.60496907469732,819.4339519634615,1084.0,-51.56505136918034,1273.818161076298,1871.0,-58.66100576765985,1736.3739522827836,2630.0,-71.91275136988168,2213.391667943964,3366.0,-75.90284836338678,2711.586053223044,4169.0,-43.485796066984705,3025.000270638852,4730.0,-14.878115708883966
143.17142857142858,0.0,-59.320664594837226,293.91781789158506,262.0,-58.17626941258232,784.9480086395748,1084.0,-59.25398266974016,1243.9874397256763,1871.0,-67.34765094185764,1733.9433790185722,2630.0,-72.2944910033008,2193.758024111952,3366.0,-79.26799357945211,2694.8318701840044,4169.0,-46.35741069875171,3018.680982485905,4730.0,-16.18974688160404
101.0,0.0,-65.058733691084,253.87611318870762,262.0,-64.74756975046732,750.4620653156883,1084.0,-66.94291397029997,1231.350428362991,1871.0,-68.6099510854885,1710.5623821586216,2630.0,-75.04290745134546,2174.5531505503973,3366.0,-81.79783078744263,2680.1854127777615,4169.0,-48.28677268037579,3013.148980877998,4730.0,-17.115913655644025
89.823864,0.0,-63.680448,238.86769795368798,262.0,-63.294374155825444,724.4755802229421,1084.0,-65.88535755550555,1208.0253225447766,1871.0,-69.08614252826322,1690.7580882695233,2630.0,-75.79317269292528,2158.2680130875906,3366.0,-82.64262150007376,2667.7656709117546,4169.0,-48.93104618470704,3008.4448734959697,4730.0,-17.524951023098193
63.245208,0.0,-56.644068,213.24252847979,262.0,-57.22352256330632,701.819978289723,1084.0,-61.838275016936706,1188.2144704400303,1871.0,-66.78406735475394,1673.8974627075436,2630.0,-74.1315954437072,2144.377037067374,3366.0,-81.46927845465189,2657.1718188898117,4169.0,-48.03620462885921,3004.413201882091,4730.0,-17.325780327601564
40.748135999999995,0.0,-47.38071,191.46959097629926,262.0,-48.918029537820246,682.4166580465253,1084.0,-55.653412841054184,1171.1036926616048,1871.0,-62.46078510471789,1659.3001999535168,2630.0,-70.71326059650463,2132.328034729104,3366.0,-78.82458085424372,2647.9827347248174,4169.0,-46.01924520277304,3000.8996976696044,4730.0,-16.68221038170138
22.528506,0.0,-36.48762,173.75139173438524,262.0,-38.94484036063936,666.4699755678356,1084.0,-47.815584636516284,1156.8954029517113,1871.0,-56.52484058975384,1647.1442785567806,2630.0,-65.88216785040981,2122.2713878799573,3366.0,-74.98950584630052,2640.313106010338,4169.0,-43.09445308823234,2997.950718229379,4730.0,-15.67403155709852
9.052992,0.0,-24.303317999999997,160.5432531961435,262.0,-27.61638314104353,654.3924674051468,1084.0,-38.57518976974861,1145.9596863005495,1871.0,-49.17100022922765,1637.7469205088346,2630.0,-59.7982567971725,2114.4699247340513,3366.0,-70.09199754904611,2634.3633767758993,4169.0,-39.35940393820553,2995.6436145553125,4730.0,-14.335612720053076
1.5499379999999998,0.0,-11.52177,153.0386998029375,262.0,-15.566324193046622,647.2564652428873,1084.0,-28.426914420039786,1139.2502641226674,1871.0,-40.770428454168346,1631.9236789837303,2630.0,-52.762639249238106,2109.598091633515,3366.0,-64.37042291383447,2630.6479086282634,4169.0,-34.99588657774642,2994.17596886834,4730.0,-12.729117644543733
0.0,0.0,0.0,151.26577052768195,262.0,-4.573227011193008,645.1731993683366,1084.0,-18.921290382187863,1136.9453793209773,1871.0,-32.6584264806951,1629.845742557888,2630.0,-45.906820761212245,2107.8097311512556,3366.0,-58.753748548380386,2629.2840284888566,4169.0,-30.712370646506958,2993.60168827266,4730.0,-11.121818961636482
3.1796699999999998,0.0,21.237294,153.7777903879237,262.0,15.84095343261945,646.3692057468895,1084.0,-0.9861906002707173,1137.0310548873424,1871.0,-17.081570487159304,1629.6875756563275,2630.0,-32.67523101006553,2107.5275920786903,3366.0,-47.86942617031771,2629.0688571733194,4169.0,-22.41152119831071,2993.410050651312,4730.0,-7.974930602648501
10.344204,0.0,39.37713,160.1829320026297,262.0,33.38926586196288,651.1019935309376,1084.0,14.638193733136248,1140.2982389513502,1871.0,-3.316334917930533,1632.2585052205147,2630.0,-20.935186922699923,2109.507921365998,3366.0,-38.18090316393642,2630.5791409283215,4169.0,-15.02263946016511,2993.885217383255,4730.0,-5.151223100236201
21.334014,0.0,58.936332,170.21514273439263,262.0,52.392514462380575,658.9286321763395,1084.0,31.70903546877419,1146.1650313497303,1871.0,11.86374303794463,1637.016455762816,2630.0,-7.954895105810088,2113.273348809285,3366.0,-27.446855243080172,2633.4508168332754,4169.0,-6.836395735857938,2994.866395911555,4730.0,-2.006919025364823
36.035454,0.0,79.18950000000001,183.7837956277585,262.0,72.1532879113023,669.804066624202,1084.0,49.61338173891825,1154.6248882544744,1871.0,27.926085083725695,1643.9637650214859,2630.0,5.81319805054229,2118.830995615953,3366.0,-16.039500654600374,2637.6893158253097,4169.0,1.8633404307233157,2996.3594084385663,4730.0,1.3503398959261865
54.368730000000006,0.0,100.58879999999999,200.80115184579753,262.0,93.1025291471111,683.6307167279305,1084.0,68.72297499796197,1165.5737374327882,1871.0,45.18708019565722,1653.0073478110448,2630.0,20.63627696589569,2126.101207505422,3366.0,-3.7400858613979793,2643.233890145582,4169.0,11.243399836632161,2998.3389937475504,4730.0,4.983052306653608
76.25163,0.0,122.534568,221.20352957355755,262.0,114.6640057137579,700.3811270873974,1084.0,88.53191243590742,1179.0145950344952,1871.0,63.207677812413706,1664.1562751047798,2630.0,36.141475466611865,2135.095731132439,3366.0,9.144721958201288,2650.0934982950607,4169.0,21.069904984532084,3000.811650142227,4730.0,8.802592597940674
101.587434,0.0,143.93386800000002,244.9257234236038,262.0,135.7888193019326,720.0495712205094,1084.0,108.12178859104019,1194.9910957189084,1871.0,81.1931685739328,1677.4593903635791,2630.0,51.654448102103046,2145.862499009747,3366.0,22.060673911617414,2658.3046956566295,4169.0,30.92016198000034,3003.796849436574,4730.0,12.649054859764025
130.216554,0.0,164.494122,271.82226549915595,262.0,156.1928286379028,742.5229813871031,1084.0,127.23757730704216,1213.418929739549,1871.0,98.91697701574257,1692.8484435864648,2630.0,66.98150135914159,2158.347584445767,3366.0,34.84762679197796,2667.8263554304294,4169.0,40.672038768856055,3007.280604478985,4730.0,16.47555139101827
162.008418,0.0,184.682004,301.7564338747529,262.0,176.31959475618152,767.6604213038457,1084.0,146.25964148836158,1234.1560664190342,1871.0,116.70065492499752,1710.198032756404,2630.0,82.39364197311285,2172.4447009435157,3366.0,47.72710763623088,2678.577418991111,4169.0,50.494481337678636,3011.2299191104576,4730.0,20.34511430745472
196.890486,0.0,203.95104600000002,334.67247379303086,262.0,195.64406224399093,795.4388557889812,1084.0,164.72711996872658,1257.2069624119308,1871.0,134.14434591016925,1729.517871273492,2630.0,97.55131498902632,2188.165741016313,3366.0,60.419863071428,2690.5669560776237,4169.0,60.174519128795524,3015.651056813999,4730.0,24.17705256755929
234.613704,0.0,221.99416200000002,370.3396184765913,262.0,213.86595543435632,825.6715759829713,1084.0,182.36674721635927,1282.4245745008243,1871.0,151.00180176919213,1750.6867176522742,2630.0,112.2431876455672,2205.413382479282,3366.0,72.75062861623037,2703.7207446321718,4169.0,69.57848795782506,3020.5176253211675,4730.0,27.919664095778142
275.040246,0.0,238.163328,408.64214888034087,262.0,230.3613433502533,858.2880478928867,1084.0,198.62846213838952,1309.7769927058264,1871.0,166.79349665411695,1773.6845781656275,2630.0,126.06149798009587,2224.175860231467,3366.0,84.3836930748946,2718.0298120859184,4169.0,78.45036011838873,3025.8296125335282,4730.0,31.47568083631376
318.00327,0.0,252.204654,449.4266814754086,262.0,244.8829461423469,893.1664986996878,1084.0,213.28901615300953,1339.1706963395352,1871.0,181.3198816671666,1798.4349787459541,2630.0,138.83537113903503,2244.392219175721,3366.0,95.17759255143385,2733.44767147652,4169.0,86.68224919715233,3031.570808633875,4730.0,34.80354954048222
363.23195999999996,0.0,263.902938,492.4393088462476,262.0,257.2179203532084,930.0957627426227,1084.0,226.1503045112631,1370.4335110732668,1871.0,194.39842763127064,1824.7943879376385,2630.0,150.4072220096714,2265.9461808371198,3366.0,105.00102675411408,2749.8856438691855,4169.0,94.17401997978367,3037.7088914434753,4730.0,37.864099066011434
410.532876,0.0,273.151788,537.4974820194267,262.0,267.25954683781094,968.9217616118419,1084.0,237.1103031907124,1403.4375590368877,1871.0,205.9327338840547,1852.6556209085488,2630.0,160.69327610089385,2288.7505225485447,3366.0,113.7838398002413,2767.2772095300193,4169.0,100.87216859163438,3044.219329151078,4730.0,40.636146055358694
459.57717,0.0,277.733898,584.341926799216,262.0,272.8765362493064,1009.522235441226,1084.0,244.29669050668457,1438.176141993465,1871.0,214.29680324339296,1882.0370948291102,2630.0,168.31238119577137,2312.8362639790453,3366.0,120.38991604940206,2785.6460253844384,4169.0,105.9102446870384,3051.1225793227904,4730.0,42.79123125288645
512.524116,0.0,276.684486,635.0643121683423,262.0,273.199260098569,1053.7647101091516,1084.0,247.0527043074128,1476.2993865172848,1871.0,219.02134760988878,1914.3473145644348,2630.0,172.89040802526256,2339.3665345568215,3366.0,124.52762630440132,2805.879143647261,4169.0,109.0658393758021,3058.758179071705,4730.0,44.256716066353334
571.298442,0.0,272.068524,691.4557679493737,262.0,270.25316276757997,1103.1132417116578,1084.0,247.23303978847036,1518.9755561836603,1871.0,221.7881048714155,1950.5536207942596,2630.0,175.8730734850722,2369.1205938921967,3366.0,127.39753078386634,2828.570861003359,4169.0,111.25455119333866,3067.339500759532,4730.0,45.387897189465136
635.189256,0.0,265.38759,752.7979748416784,262.0,265.45816341997204,1156.8717863526429,1084.0,246.04161646670718,1565.5388908609661,1871.0,223.60162263305216,1990.0756521421474,2630.0,178.10372733682937,2401.6112675939703,3366.0,129.68681848757097,2853.3496374398665,4169.0,113.00045984175937,3076.7186199493826,4730.0,46.37871240837093
703.46874,0.0,257.27036400000003,818.3782930183061,262.0,259.397967341056,1214.3900492959792,1084.0,243.9529858945806,1615.4017897300628,1871.0,224.83797693107635,2032.4087498924641,2630.0,179.8930810557555,2436.419783903166,3366.0,131.6453260424537,2879.8960997148242,4169.0,114.4941014109399,3086.7718264303194,4730.0,47.29722834289616
775.556574,0.0,248.04085800000001,887.6329490928961,262.0,252.36826198874667,1275.1616809300886,1084.0,241.19764962764185,1668.1140736547245,1871.0,225.66975973576302,2077.167992238885,2630.0,181.38105275581637,2473.227845369317,3366.0,133.38374736561354,2907.9675005882755,4169.0,115.81989581318659,3097.405891667627,4730.0,48.17226139835003
850.85793,0.0,237.921528,959.9868247250166,262.0,244.5671323987701,1338.6751939077103,1084.0,237.92039200921454,1723.2256542819603,1871.0,226.1951471551103,2123.969637741601,2630.0,182.6443562256917,2511.718851788092,3366.0,134.9607892973367,2937.3223872127082,4169.0,117.02261539406847,3108.5286036355114,4730.0,49.0176009474134
928.9012979999999,0.0,227.14208399999998,1034.9826952213955,262.0,236.20270114237255,1404.5214802485755,1084.0,234.2805069854499,1780.3742321882894,1871.0,226.5302822282792,2172.5042427766775,2630.0,183.77626712461858,2551.637140366724,3366.0,136.44963832678167,2967.7657802151725,4169.0,118.15807529825365,3120.0652382445383,4730.0,49.85184233112416
1009.1547180000001,0.0,215.86211400000002,1112.1072138782008,262.0,227.4144341609187,1472.2458115833451,1084.0,230.37464378590602,1839.1613612258477,1871.0,226.73470775792617,2222.4325013604266,2630.0,184.82145137957917,2592.7030378421277,3366.0,137.88314477161094,2999.0843888118297,4169.0,119.25132858203453,3131.9345307961753,4730.0,50.68166564471464
1091.103156,0.0,204.22428,1190.8636648168388,262.0,218.3260153319066,1541.4087408059663,1084.0,226.28649218643443,1899.202498917382,1871.0,226.85756527219257,2273.4270709011907,2630.0,185.81594664709797,2634.646812820012,3366.0,139.2871975780111,3031.0725043129087,4169.0,120.32211926228267,3144.058163949229,4730.0,51.511836947181024
1174.2460859999999,0.0,192.38091599999998,1270.768980893654,262.0,209.07075311316666,1611.5822606006468,1084.0,222.10880580041953,1960.1225185060946,1871.0,226.95644159615443,2325.1684809136464,2630.0,186.80310325365775,2677.205126581257,3366.0,140.69379254538484,3063.529293355946,4169.0,121.39484870314273,3156.359608582293,4730.0,52.34895411901397
1258.09749,0.0,180.50369999999998,1351.3535011966821,262.0,199.80084136832008,1682.3491400676874,1084.0,217.95147085506167,2021.554708271044,1871.0,227.1043131218579,2377.34418012692,2630.0,187.8394675278388,2720.1201815112454,3366.0,142.14586182357107,3096.2581484616057,4169.0,122.5022587970286,3168.763828559151,4730.0,53.202835831791674
1342.144752,0.0,168.609558,1432.125977595932,262.0,190.51963386971573,1753.2805731592628,1084.0,213.79344887806616,2083.1292707022712,1871.0,227.2602960381256,2429.6406843768127,2630.0,188.88483203131761,2763.1345240086143,3366.0,143.6067237875523,3129.062724509762,4169.0,123.61637456890664,3181.19669183082,4730.0,54.060265348451026
1425.901854,0.0,156.829062,1512.6177798182478,262.0,181.33996597277593,1823.9621483158787,1084.0,209.71033379742784,2144.48374698838,1871.0,227.4678535893505,2481.7494921829366,2630.0,189.97073893108023,2805.993975634067,3366.0,145.09878522397923,3161.7491741588638,4169.0,124.75428439195655,3193.584417008136,4730.0,54.92515821979978
1508.865852,0.0,145.25893200000002,1592.3449199072918,262.0,172.34183576313188,1893.967655429125,1084.0,205.74831791935827,2205.2470282415075,1871.0,227.74439287675153,2533.3551413552336,2630.0,191.10647117083545,2848.43888682549,3366.0,146.62605943056917,3194.1194775552585,4169.0,125.91904897854836,3205.851825326252,4730.0,55.796051942518375
1590.603924,0.0,133.879824,1670.8934609302917,262.0,163.4958695694682,1962.9373435086395,1084.0,201.86157769736747,2265.1103597467377,1871.0,228.03124472445666,2584.196258564203,2630.0,192.2376201747344,2890.25484072358,3366.0,148.1407796256987,3226.010111237734,4169.0,127.0742393394343,3217.937350865081,4730.0,56.656956829027735
1670.58411,0.0,122.744934,1747.7527237191553,262.0,154.83966425310518,2030.423781300907,1084.0,198.05800582189295,2323.6863028867947,1871.0,228.31156496472607,2633.944019636822,2630.0,193.34413521622076,2931.1715313425475,3366.0,149.62267165760193,3257.21492830848,4169.0,128.20439353994772,3229.7629765067,4730.0,57.49927430903668
1748.41953,0.0,111.86877,1822.551911500666,262.0,146.37741092226574,2096.103222693332,1084.0,194.32317049072537,2380.6955858333376,1871.0,228.55574261865854,2682.3616619496784,2630.0,194.39672561835852,2970.9945014375658,3366.0,151.04491694557868,3287.585627361369,4169.0,129.28905858420407,3241.2727006154864,4730.0,58.313278452896355
1823.604822,0.0,101.379486,1894.803932976563,262.0,138.21914471950922,2159.545284417394,1084.0,190.72932168945692,2435.7621114060476,1871.0,228.80350349394053,2729.129155581075,2630.0,195.42355693134147,3009.4601264675616,3366.0,152.42701176064799,3316.9211570539023,4169.0,130.34310316176507,3252.390037671741,4730.0,59.10194709981434
1895.789376,0.0,91.180362,1964.1755082564632,262.0,130.26346664746913,2220.4641070744683,1084.0,187.17172434173807,2488.6441566621074,1871.0,228.94913007350203,2774.042758659728,2630.0,196.33125350317033,3046.4018528649144,3366.0,153.68979169405827,3345.09449651681,4169.0,131.3061531109809,3263.0675898737254,4730.0,59.84068829957535
1964.537952,0.0,81.56155799999999,2030.2426250972583,262.0,122.77728882369212,2278.476694506814,1084.0,183.862589898615,2538.9992089119282,1871.0,229.1559196514752,2816.8091344829854,2630.0,197.2534351635012,3081.5768061347917,3366.0,154.9398209825851,3371.920419279726,4169.0,132.25947887343818,3273.233996551724,4730.0,60.557885582927426
2029.492686,0.0,72.329634,2092.6674830219627,262.0,115.56642211878909,2333.2977694752526,1084.0,180.6159979902771,2586.5903438561536,1871.0,229.24796149698045,2857.2296575992477,2630.0,198.0371782700277,3114.82332629329,3366.0,156.04900156727183,3397.275636529478,4169.0,133.105387394386,3282.843770522813,4730.0,61.21483587777415
2090.286042,0.0,63.649014,2151.0940481079156,262.0,108.77908544208911,2384.6094411201825,1084.0,177.54390959524375,2631.136667595232,1871.0,229.3052821858733,2895.064562225263,2630.0,198.74628957773848,3145.943415744744,3366.0,157.06707521566688,3421.0091468370715,4169.0,133.88181387175095,3291.839111954241,4730.0,61.82393275236069
2146.6375319999997,0.0,55.483428,2205.2546658040023,262.0,102.37351810389791,2432.180202582501,1084.0,174.59682895164107,2672.4405488653656,1871.0,229.27282085215109,2930.146805073521,2630.0,199.33107272662846,3174.8002124597388,3366.0,157.9512357639573,3443.0165733693066,4169.0,134.55611249544714,3300.180847857564,4730.0,62.37140576728527
2198.21589,0.0,47.767590000000006,2254.8337897352,262.0,96.2789037960876,2475.738176050111,1084.0,171.69757125437323,2710.2709010388617,1871.0,229.06943022555896,2962.281314038414,2630.0,199.7191786779104,3201.2340542604406,3366.0,158.63971781068568,3463.176150925307,4169.0,135.08117833043164,3307.8233988577754,4730.0,62.83776759271197
2244.837348,0.0,40.441050000000004,2299.6569798631003,262.0,90.43275479780877,2515.1342008621596,1084.0,168.78310254251568,2744.502037263777,1871.0,228.6326956109928,2991.362261383527,2630.0,199.85573166001592,3225.1585030163,3366.0,159.0861571556198,3481.421958092296,4169.0,135.42165205597274,3314.742219748864,4730.0,63.208727711265965
2286.23109,0.0,33.54975,2339.4637811844314,262.0,84.87226993901415,2550.1392002554157,1084.0,165.8731750267716,2774.934764727258,1871.0,227.96758312235545,3017.2203875725186,2630.0,199.7419965280073,3246.434287844484,3366.0,159.2896499319865,3497.647780942502,4169.0,135.57684434463744,3320.897017017871,4730.0,63.48261715968732
2322.252036,0.0,27.209754000000004,2374.1123712783256,262.0,79.70494157646976,2580.624182095634,1084.0,163.05466341005706,2801.4529111635784,1871.0,227.1424137310962,3039.75600792075,2630.0,199.43427988938288,3264.978747438723,3366.0,159.29537654648595,3511.790578430767,4169.0,135.58121170561378,3326.263413305687,4730.0,63.671675054078094
2352.7357620000002,0.0,21.317088,2403.4479230219135,262.0,74.82709328126082,2606.4591084582735,1084.0,160.22955098650274,2823.9491813415625,1871.0,226.06552489614666,3058.8793493695384,2630.0,198.8531367617025,3280.718934730893,3366.0,159.0369432027191,3523.7947180051383,4169.0,135.38411939205585,3330.820969901193,4730.0,63.75595098309678
2377.587966,0.0,16.444817999999998,2427.365775049464,262.0,70.78506455512887,2627.526003855243,1084.0,157.8694448527995,2842.296578065875,1871.0,225.13860794230368,3074.4765905867107,2630.0,198.3378638784347,3293.5573065612934,3366.0,158.79219479704972,3533.5858090829715,4169.0,135.1974637971938,3334.5386517007487,4730.0,63.814862857771715
2396.695002,0.0,11.134889999999999,2445.7936700266455,262.0,66.17993654701672,2643.8300638207124,1084.0,154.75018233773366,2856.5643593668738,1871.0,223.30305611759593,3086.62225087033,2630.0,196.99035243992518,3303.565490615068,3366.0,157.82307866815285,3541.218477998371,4169.0,134.45837441667297,3337.444644927731,4730.0,63.635554505390544
2410.059288,0.0,6.615648,2458.7031252471825,262.0,62.18789471597551,2655.2890570296877,1084.0,151.89666387287394,2866.6271743680104,1871.0,221.44104188775157,3095.1967837848433,2630.0,195.5580238509027,3310.6365447922867,3366.0,156.7431538557325,3546.611166135157,4169.0,133.63477759806526,3339.501802030216,4730.0,63.39449887291984
2417.997582,0.0,2.306772,2466.411982939792,262.0,58.261231515899624,2662.207038355412,1084.0,148.84648838513183,2872.7724889888973,1871.0,219.16868147122062,3100.450041970548,2630.0,193.71908539200274,3314.9797293667257,3366.0,155.2905394657646,3549.923464322025,4169.0,132.52695177863615,3340.7733258384337,4730.0,63.01802671795848
