0,,,1,,,2,,,3,,,4,,,5,,,6,,,7,,,8,,,9,,,10,,,11,,,12,,,13,,,14,,,15,,,16,,
X,Y,Z,X,Y,Z,X,Y,Z,X,Y,Z,X,Y,Z,X,Y,Z,X,Y,Z,X,Y,Z,X,Y,Z,X,Y,Z,X,Y,Z,X,Y,Z,X,Y,Z,X,Y,Z,X,Y,Z,X,Y,Z,X,Y,Z
1325.858437,0,-214.0280833,1369.067258,400.6275161,-126.0261383,1454.489747,802.1011946,-51.41266838,1592.8758,1204.68119,11.27613426,1774.035464,1608.308774,61.62784307,1984.835551,2012.765234,58.79476634,2188.322034,2416.10524,58.29429068,2381.281691,2815.461002,58.78378537,2560.258247,3207.491149,60.22856351,2721.220001,3587.95826,63.2542709,2860.282441,3952.630586,68.67742914,2973.590128,4296.856851,76.65344527,3058.655607,4617.164234,84.8313963,3067.361304,4905.812314,90.07786084,3048.403262,5157.437913,95.48580047,3002.203138,5369.383891,108.9363651,2924.678572,5532.371163,135.7105187
1321.402563,0,-213.1278851,1364.605541,400.6275161,-125.1108293,1450.019433,802.1011946,-50.48962776,1588.393243,1204.68119,12.1946601,1769.538509,1608.308774,62.53324664,1980.332772,2012.765234,59.66743176,2183.842594,2416.10524,59.12544266,2376.860614,2815.461002,59.56934248,2555.936026,3207.491149,60.96490162,2717.042656,3587.95826,63.93608284,2856.300665,3952.630586,69.29712071,2969.858227,4296.856851,77.20350466,3055.229012,4617.164234,85.31279968,3064.323355,4905.812314,90.49915916,3045.801584,5157.437913,95.85069152,3000.075978,5369.383891,109.2220311,2923.060702,5532.371163,135.8777402
1308.118087,0,-210.1611541,1351.304718,400.6275161,-122.0985814,1436.693685,802.1011946,-47.45382715,1575.031104,1204.68119,15.217509,1756.133114,1608.308774,65.51747164,1966.908586,2012.765234,62.54220292,2170.48643,2416.10524,61.86290839,2363.677118,2815.461002,62.15567789,2543.046186,3207.491149,63.38773299,2704.58386,3587.95826,66.17814021,2844.424142,3952.630586,71.33449556,2958.725968,4296.856851,79.01280382,3045.006684,4617.164234,86.89631442,3055.26043,4905.812314,91.8749701,3038.040407,5157.437913,97.0324511,2993.73009,5369.383891,110.1442973,2918.232715,5532.371163,136.4261319
1286.279383,0,-204.6535862,1329.441531,400.6275161,-116.515256,1414.791094,802.1011946,-41.83083044,1553.068914,1204.68119,20.82008755,1734.099061,1608.308774,71.05735214,1944.840487,2012.765234,67.87607237,2148.526691,2416.10524,66.9412327,2341.998279,2815.461002,66.95202159,2521.847723,3207.491149,67.87823842,2684.092051,3587.95826,70.33116012,2824.887802,3952.630586,75.10785916,2940.411584,4296.856851,82.36579696,3028.187515,4617.164234,89.8313046,3040.348837,4905.812314,94.40539852,3025.271211,5157.437913,99.18636506,2983.288829,5369.383891,111.8195386,2910.285681,5532.371163,137.4402015
1256.364772,0,-196.2501919,1299.496625,400.6275161,-108.0070849,1384.794334,802.1011946,-33.26742383,1522.990794,1204.68119,29.3560863,1703.921437,1608.308774,79.50779299,1914.611971,2012.765234,76.0095858,2118.441926,2416.10524,74.68489985,2312.2943,2815.461002,74.26453777,2492.798555,3207.491149,74.72208357,2656.008217,3587.95826,76.65847041,2798.1104,3952.630586,80.85686015,2915.305888,4296.856851,87.47756001,3005.129078,4617.164234,94.30711842,3019.905609,4905.812314,98.24206066,3007.765961,5157.437913,102.4293176,2968.974138,5369.383891,114.3354162,2899.385975,5532.371163,138.9862275
1219.01988,0,-184.7561446,1262.117686,400.6275161,-96.38141541,1347.353106,802.1011946,-21.57229456,1485.44828,1204.68119,41.01681592,1666.253413,1608.308774,91.06108076,1876.875501,2012.765234,87.12772813,2080.879501,2416.10524,85.27100204,2275.202624,2815.461002,84.26103349,2456.520624,3207.491149,84.0764163,2620.932333,3587.95826,85.3055155,2764.662692,3952.630586,88.71468098,2883.942628,4296.856851,94.46879263,2976.320545,4617.164234,100.4310256,2994.364482,4905.812314,103.4701652,2985.896481,5157.437913,106.8257334,2951.089732,5369.383891,117.7402325,2885.76275,5532.371163,141.1043441
1175.019487,0,-170.1561284,1218.081131,400.6275161,-81.62588911,1303.245708,802.1011946,-6.735061254,1441.221789,1204.68119,55.81229089,1621.877622,1608.308774,105.7280505,1832.413959,2012.765234,101.2416872,2036.617385,2416.10524,98.71167325,2231.49034,2815.461002,96.95419917,2413.76324,3207.491149,95.95404824,2579.588028,3587.95826,96.28509631,2725.233848,3952.630586,98.69442499,2846.967102,4296.856851,103.3534098,2942.353946,4617.164234,108.2170964,2964.250407,4905.812314,110.0992784,2960.112594,5157.437913,112.3802051,2930.003239,5369.383891,122.0372416,2869.694524,5532.371163,143.8040612
1125.228661,0,-152.6023092,1168.253221,400.6275161,-63.89613859,1253.34008,802.1011946,11.08631022,1391.18158,1204.68119,73.58410392,1571.667016,1608.308774,123.3512418,1782.101406,2012.765234,118.2011397,1986.52507,2416.10524,114.8653831,2182.015572,2815.461002,112.2118707,2365.365304,3207.491149,110.2326551,2532.786048,3587.95826,109.4854798,2680.596605,3952.630586,110.6961028,2805.10348,4296.856851,114.0443669,2903.894149,4617.164234,117.590889,2930.152917,4905.812314,118.0665458,2930.919288,5157.437913,119.0396345,2906.127537,5369.383891,127.1859678,2851.49501,5532.371163,147.0646254
1070.563758,0,-132.4002441,1113.551039,400.6275161,-43.50144241,1198.554739,802.1011946,31.58010307,1336.248588,1204.68119,94.02026213,1516.545575,1608.308774,143.6199554,1726.863696,2012.765234,137.7084196,1931.524339,2416.10524,133.4500862,2127.688719,2815.461002,129.7691047,2312.217381,3207.491149,126.6657328,2481.387565,3587.95826,124.6801899,2631.572266,3952.630586,124.5152067,2759.121979,4296.856851,126.3609654,2861.648699,4617.164234,128.3955017,2892.699374,4905.812314,127.2411591,2898.853796,5157.437913,126.6964647,2879.901991,5369.383891,133.1044102,2831.498854,5532.371163,150.8360526
1011.96068,0,-109.9679615,1054.910836,400.6275161,-20.86351538,1139.827158,802.1011946,54.32236548,1277.362755,1204.68119,116.6970286,1457.456517,1608.308774,166.1124186,1667.646444,2012.765234,159.3586295,1872.557189,2416.10524,154.0809912,2069.440612,2815.461002,149.2633933,2255.230417,3207.491149,144.9150627,2426.273819,3587.95826,141.5575446,2579.001633,3952.630586,139.8691602,2709.811483,4296.856851,140.0520772,2816.34259,4617.164234,140.4115267,2852.532574,4905.812314,137.4399255,2864.466423,5157.437913,135.2005016,2851.776758,5369.383891,139.6776542,2810.04956,5532.371163,155.0447152
950.3453417,0,-85.79791004,993.2585963,400.6275161,3.521836829,1078.084365,802.1011946,78.81558172,1215.453573,1204.68119,141.1179599,1395.33272,1608.308774,190.3352018,1605.385228,2012.765234,182.677065,1810.55599,2416.10524,176.3057219,2008.192897,2815.461002,170.2673686,2195.306643,3207.491149,164.5807847,2368.317863,3587.95826,159.7479385,2523.717958,3952.630586,156.4216698,2657.954075,4296.856851,154.8174482,2768.694778,4617.164234,153.3752659,2810.289914,4905.812314,148.4413063,2828.302711,5157.437913,144.3694254,2822.198159,5369.383891,146.7654393,2787.488252,5532.371163,159.598175
886.61379,0,-60.41720085,929.4902612,400.6275161,29.1246152,1014.22322,802.1011946,104.5286871,1151.420318,1204.68119,166.7539958,1331.076862,1608.308774,215.763349,1540.985521,2012.765234,207.1576635,1746.423323,2416.10524,199.6408305,1944.837957,2815.461002,192.3231543,2133.319797,3207.491149,185.2333737,2308.365328,3587.95826,178.8532428,2466.528477,3952.630586,173.80936,2604.3076,4296.856851,170.3314113,2719.402075,4617.164234,166.9994526,2766.5891,4905.812314,160.0022177,2790.891231,5157.437913,154.0020511,2791.59867,5369.383891,154.2121441,2764.145882,5532.371163,164.3920544
821.6111197,0,-34.41921439,864.450467,400.6275161,55.34867992,949.0889964,802.1011946,130.864554,1086.110519,1204.68119,193.0100192,1265.539809,1608.308774,241.8057984,1475.301291,2012.765234,232.2308406,1681.010937,2416.10524,223.5422752,1880.218361,2815.461002,214.9156223,2070.095221,3207.491149,206.3897944,2247.215334,3587.95826,198.4259132,2408.196361,3952.630586,191.6238223,2549.58888,4296.856851,186.2278599,2669.123841,4617.164234,180.9611657,2722.014631,4905.812314,171.8506344,2752.73203,5157.437913,163.8744855,2760.387515,5369.383891,161.844966,2740.336139,5532.371163,169.3092875
756.1224798,0,-8.43415487,798.9236401,400.6275161,81.56119904,883.4665172,802.1011946,157.1893939,1020.311078,1204.68119,219.2541249,1199.511661,1608.308774,267.8344635,1409.125903,2012.765234,257.2915691,1615.110566,2416.10524,247.432326,1815.117678,2815.461002,237.4979439,2006.400768,3207.491149,227.5375215,2185.611614,3587.95826,217.9913087,2349.432159,3952.630586,209.4320658,2494.465602,4296.856851,202.1186922,2618.47446,4617.164234,194.9181999,2677.111128,4905.812314,183.6993334,2714.290963,5157.437913,173.7513416,2728.94601,5369.383891,169.4825861,2716.351737,5532.371163,174.2263138
690.8645573,0,16.89038892,733.6255355,400.6275161,107.1121171,818.0717237,802.1011946,182.852228,954.7398083,1204.68119,244.8370454,1133.713248,1608.308774,293.2035827,1343.183525,2012.765234,281.7180101,1549.445276,2416.10524,270.7173594,1750.251855,2815.461002,259.5084323,1942.938307,3207.491149,248.1503216,2124.234243,3587.95826,237.0623022,2290.885856,3952.630586,226.7898506,2439.548802,4296.856851,217.605784,2568.016385,4617.164234,208.5196324,2632.377182,4905.812314,195.2546725,2675.994436,5157.437913,183.3928316,2697.623246,5369.383891,176.9406072,2692.461035,5532.371163,179.016908
626.4850453,0,40.92601939,669.2028433,400.6275161,131.3708023,753.5513714,802.1011946,207.2216145,890.0451494,1204.68119,269.1289654,1068.795792,1608.308774,317.2866229,1278.128602,2012.765234,304.9068575,1484.668747,2416.10524,292.8214236,1686.268332,2815.461002,280.4021151,1880.342714,3207.491149,267.7176315,2063.698527,3587.95826,255.1662803,2233.145681,3952.630586,243.2661493,2385.39162,4296.856851,232.3027841,2518.258894,4617.164234,221.4248765,2588.264238,4905.812314,206.2319246,2638.228492,5157.437913,192.5667449,2666.735306,5369.383891,184.0405339,2668.907255,5532.371163,183.5584988
563.5620606,0,63.07759236,606.2326566,400.6275161,153.7400901,690.4825282,802.1011946,229.6996519,826.8056636,1204.68119,291.5334463,1005.340384,1608.308774,339.4901028,1214.545268,2012.765234,326.2867042,1421.364614,2416.10524,313.1990686,1623.745335,2815.461002,299.6629414,1819.181123,3207.491149,285.7560555,2004.55424,3587.95826,271.8558474,2176.737334,3952.630586,258.452977,2332.488516,4296.856851,245.8440069,2469.657336,4617.164234,233.3115973,2545.175936,4905.812314,216.3619477,2601.338254,5157.437913,201.0539011,2636.564803,5369.383891,190.6139987,2645.908047,5532.371163,187.7352335
502.6073952,0,82.80439053,545.2258094,400.6275161,173.6774719,629.3759728,802.1011946,249.7431848,765.5334494,1204.68119,311.5086498,943.8613809,1608.308774,359.2748346,1152.950641,2012.765234,345.3384239,1360.049627,2416.10524,331.3547478,1563.194882,2815.461002,316.8220746,1759.955789,3207.491149,301.8264302,1947.288308,3587.95826,286.724551,2122.126465,3952.630586,271.9796811,2281.277523,4296.856851,257.8972119,2422.615132,4617.164234,243.8869312,2503.469882,4905.812314,225.4002882,2565.629473,5157.437913,208.6553128,2607.362118,5369.383891,196.5081696,2623.656315,5532.371163,191.4418422
444.0728218,0,99.6337453,486.6332455,400.6275161,190.7086891,570.6826104,802.1011946,266.8773676,706.6805768,1204.68119,328.5808635,884.812837,1608.308774,376.1694078,1093.801193,2012.765234,361.6081695,1301.179908,2416.10524,346.8552569,1505.068905,2815.461002,331.4696874,1703.110005,3207.491149,315.5448929,1892.33048,3587.95826,299.4171452,2069.724033,3952.630586,283.5223327,2232.145207,4296.856851,268.1720716,2377.48829,4617.164234,252.8949909,2463.461655,4905.812314,233.1333858,2531.371973,5157.437913,215.1971544,2579.34821,5369.383891,201.5895563,2602.322264,5532.371163,194.5864337
388.3536647,0,113.1587233,430.8495885,400.6275161,204.4254113,514.7970463,802.1011946,280.6933418,650.6426711,1204.68119,342.3421917,828.5921049,1608.308774,389.7679037,1037.49636,2012.765234,374.7051629,1245.154555,2416.10524,359.3276166,1449.762803,2815.461002,343.2529496,1649.031588,3207.491149,326.5809861,1840.056702,3587.95826,309.6278282,2019.889521,3952.630586,292.8021114,2185.429691,4296.856851,276.4187173,2334.588187,4617.164234,260.1155756,2425.427274,4905.812314,239.3774707,2498.801763,5157.437913,220.5298416,2552.71634,5369.383891,205.7432938,2582.054725,5532.371163,197.0900061
335.8021473,0,123.0395477,378.2265157,400.6275161,214.4864777,462.0709847,802.1011946,290.8492461,597.7723321,1204.68119,352.4512508,775.5532724,1608.308774,399.7302317,984.3920006,2012.765234,384.3023848,1192.329026,2416.10524,368.4601375,1397.62865,2815.461002,351.8774359,1598.065791,3207.491149,334.6593713,1790.801592,3587.95826,317.102214,1972.942824,3952.630586,299.5874862,2141.431781,4296.856851,282.4300927,2294.191773,4617.164234,265.36666,2389.612264,4905.812314,243.9813612,2468.128825,5157.437913,224.5308364,2527.638439,5369.383891,208.8756231,2562.985929,5532.371163,198.8885817
286.7253263,0,128.9122608,329.0703584,400.6275161,220.5267786,412.8106235,802.1011946,296.9794948,548.3765332,1204.68119,358.5431465,726.0047124,1608.308774,405.6929843,934.7983446,2012.765234,390.0501557,1143.01355,2416.10524,373.9192169,1348.974029,2815.461002,357.0277285,1550.514485,3207.491149,339.4848102,1744.857947,3587.95826,321.5672658,1929.164085,3952.630586,303.6296471,2100.41515,4296.856851,285.9833182,2256.541994,4617.164234,268.4519579,2356.231984,4905.812314,246.7818455,2439.537259,5157.437913,227.0678407,2504.265305,5369.383891,210.8851753,2545.232247,5532.371163,199.9121944
241.1149025,0,130.4675877,283.3716512,400.6275161,222.2371007,367.0057457,802.1011946,298.7751725,502.444982,1204.68119,360.3096973,679.9365449,1608.308774,407.3489792,888.7069773,2012.765234,391.6526016,1097.201387,2416.10524,375.4220456,1303.793704,2815.461002,358.4359793,1506.373741,3207.491149,340.8062341,1702.223038,3587.95826,322.7904311,1888.55178,3952.630586,304.7161486,2062.379507,4296.856851,286.8873076,2221.639454,4617.164234,269.2025234,2325.286918,4905.812314,247.6390964,2413.02711,5157.437913,228.028532,2482.597256,5369.383891,211.6859434,2528.795703,5532.371163,200.098969
198.8346331,0,127.8694496,240.9944759,400.6275161,219.7817339,324.5204867,802.1011946,296.4005603,459.841453,1204.68119,357.9145326,637.2119007,1608.308774,404.8607686,845.9802168,2012.765234,389.2665257,1054.754866,2416.10524,373.118644,1261.951186,2815.461002,356.2444539,1465.509609,3207.491149,338.7572279,1662.766941,3587.95826,320.895663,1850.981599,3952.630586,302.9603454,2027.207845,4296.856851,285.2440074,2189.376337,4617.164234,267.7085688,2296.681513,4905.812314,246.6289702,2388.516721,5157.437913,227.4750517,2462.567407,5369.383891,211.3259145,2513.624617,5532.371163,199.4823656
159.9925744,0,121.5164512,202.0485883,400.6275161,213.5587947,285.4657994,802.1011946,290.2530874,420.6772579,1204.68119,351.7540062,597.9418363,1608.308774,398.6234216,806.7272784,2012.765234,383.2726496,1015.780441,2416.10524,367.3732128,1223.549633,2815.461002,350.7983456,1428.02134,3207.491149,333.6615844,1626.584146,3587.95826,316.1830985,1816.542155,3952.630586,298.6367035,1994.981677,4296.856851,281.3006586,2159.826313,4617.164234,264.1890193,2270.481162,4905.812314,243.9326207,2366.062608,5157.437913,225.5527074,2444.221587,5369.383891,209.9164171,2499.751411,5532.371163,198.1434428
124.7194853,0,111.7203403,166.6661256,400.6275161,203.8785167,249.974792,802.1011946,280.6408707,385.0857962,1204.68119,342.1330965,562.2595548,1608.308774,388.9382143,771.080101,2012.765234,373.9639789,980.4077464,2416.10524,358.4689743,1188.715581,2815.461002,342.368985,1394.031448,3207.491149,325.7766755,1593.791979,3587.95826,308.8941098,1785.344157,3952.630586,291.9686734,1965.803549,4296.856851,275.2613107,2133.082602,4617.164234,258.8274612,2246.768706,4905.812314,239.7075905,2345.736292,5157.437913,222.3922534,2427.617988,5369.383891,207.5601241,2487.218053,5532.371163,196.1589377
93.23184779,0,99.03731366,135.0660682,400.6275161,191.2960095,218.2682594,802.1011946,268.1176562,353.2885239,1204.68119,329.6036503,530.3863249,1608.308774,376.3548272,739.2574366,2012.765234,361.8707229,948.8512953,2416.10524,346.9137154,1157.658048,2815.461002,331.4382187,1363.742011,3207.491149,315.5550099,1564.583711,3587.95826,299.4486723,1757.569763,3952.630586,283.3408583,1939.841993,4296.856851,267.4730266,2109.298275,4617.164234,251.9318144,2225.679994,4905.812314,234.2094339,2327.654873,5157.437913,218.1991572,2412.851816,5369.383891,204.4148421,2476.093419,5532.371163,193.6446112
65.85529981,0,84.05684708,107.5769231,400.6275161,176.3997459,190.6769007,802.1011946,253.2710168,325.6171666,1204.68119,314.7524151,502.6540215,1608.308774,361.4593038,711.5884484,2012.765234,347.5568395,921.4350776,2416.10524,333.2461867,1130.693796,2815.461002,318.5159019,1337.460189,3207.491149,303.4739996,1539.253946,3587.95826,288.28851,1733.497502,3952.630586,273.156534,1917.355661,4296.856851,258.298567,2088.708988,4617.164234,243.8226429,2207.424038,4905.812314,227.7008489,2311.998097,5157.437913,213.1817953,2400.069437,5369.383891,200.6392429,2466.48514,5532.371163,190.7169596
42.87845553,0,67.35714175,84.49006591,400.6275161,159.7672784,167.4941862,802.1011946,236.6780334,302.3661432,1204.68119,298.1561941,479.3571509,1608.308774,344.8283485,688.3649346,2012.765234,331.5766738,898.4459761,2416.10524,317.9952518,1108.103023,2815.461002,304.1018448,1315.457438,3207.491149,290.0009742,1518.062831,3587.95826,275.8453528,1713.373116,3952.630586,261.809193,1898.572535,4296.856851,248.0912046,2071.52229,4617.164234,234.8114135,2192.184898,4905.812314,220.4358271,2298.924277,5157.437913,207.5406873,2389.399707,5369.383891,196.3854354,2458.487713,5532.371163,187.4870434
24.51997131,0,49.622986,66.02718086,400.6275161,142.083286,148.9440029,802.1011946,219.0234273,283.7601509,1204.68119,280.4998817,460.7201832,1608.308774,327.147143,669.8080756,2012.765234,314.5882099,880.1000892,2416.10524,301.7878616,1090.095605,2815.461002,288.7878103,1297.936085,3207.491149,275.6885398,1501.203358,3587.95826,262.6290182,1697.377999,3952.630586,249.7627494,1883.659943,4296.856851,237.2665705,2057.889776,4617.164234,225.2637289,2180.096999,4905.812314,212.7116607,2288.549281,5157.437913,201.5100818,2380.936686,5369.383891,191.8306366,2452.168748,5532.371163,184.0828134
11.00590106,0,31.57024776,52.41742692,400.6275161,124.0623696,135.2577147,802.1011946,201.0200729,270.0312527,1204.68119,262.493767,446.974779,1608.308774,309.1229326,656.1462824,2012.765234,297.2737773,866.6207087,2416.10524,285.2775964,1076.888505,2815.461002,273.1941104,1285.10537,3207.491149,261.1193786,1488.875175,3587.95826,249.1804288,1685.699833,3952.630586,237.5126602,1872.791011,4296.856851,226.2718048,2047.968282,4617.164234,215.5763793,2171.299571,4905.812314,204.8582123,2280.993318,5157.437913,195.355726,2374.777977,5369.383891,187.1791451,2447.597977,5532.371163,180.6537525
2.685692261,0,14.31770291,44.01520139,400.6275161,106.823552,126.7933308,802.1011946,183.7876877,261.5388077,1204.68119,245.2587974,438.4799578,1608.308774,291.8782643,647.7331322,2012.765234,280.7102795,858.3530967,2416.10524,269.4893832,1068.816879,2815.461002,258.2869705,1277.288255,3207.491149,247.1946064,1481.386223,3587.95826,236.3297704,1678.627942,3952.630586,225.8132429,1866.232524,4296.856851,215.7815862,2041.999428,4617.164234,206.3416301,2166.006814,4905.812314,197.3546511,2276.440975,5157.437913,189.4532216,2371.073394,5369.383891,182.7140106,2444.88307,5532.371163,177.403468
1.21305029,0,9.216507656,42.52030899,400.6275161,101.7222918,125.2823774,802.1011946,178.6852819,260.0222129,1204.68119,240.1543573,436.9654665,1608.308774,286.771041,646.2432569,2012.765234,275.8067067,856.9001493,2416.10524,264.8182104,1067.408144,2815.461002,253.8790457,1275.932218,3207.491149,243.0793744,1480.094571,3587.95826,232.534198,1677.415753,3952.630586,222.3604968,1865.116271,4296.856851,212.6894208,2040.98964,4617.164234,203.6228745,2165.111428,4905.812314,195.1452368,2275.668723,5157.437913,187.7131442,2370.446991,5369.383891,181.3983257,2444.435611,5532.371163,176.4554793
0.313270841,0,4.164754379,41.59951373,400.6275161,96.66577211,124.346801,802.1011946,173.6222812,259.0822652,1204.68119,235.0829814,436.0288668,1608.308774,281.6901447,645.3316872,2012.765234,270.9359313,856.0220592,2416.10524,260.1869103,1066.566359,2815.461002,249.517166,1275.130093,3207.491149,239.0153542,1479.337903,3587.95826,228.7939736,1676.713062,3952.630586,218.9662979,1864.476989,4296.856851,209.6584421,2040.417366,4617.164234,200.9669113,2164.604328,4905.812314,193.0013645,2275.229658,5157.437913,186.0353866,2370.092913,5369.383891,180.1367773,2444.193385,5532.371163,175.5561615
0,0,0,41.26995828,400.6275161,92.4989484,124.0063538,802.1011946,169.4543721,258.7398084,1204.68119,230.9163072,435.6908846,1608.308774,277.5261518,645.0139454,2012.765234,266.9350867,855.7287106,2416.10524,256.3732569,1066.29653,2815.461002,245.9157583,1274.882819,3207.491149,235.6500876,1479.11368,3587.95826,225.6872057,1676.514172,3952.630586,216.1379247,1864.306122,4296.856851,207.1240428,2040.272331,4617.164234,198.7364988,2164.475529,4905.812314,191.1779828,2275.114947,5157.437913,184.5889346,2370.003022,5369.383891,179.0389338,2444.14799,5532.371163,174.7709619
0.075873205,0,-3.824149125,41.33118245,400.6275161,88.66226763,124.0577107,802.1011946,165.6016392,258.7891947,1204.68119,227.0425396,435.7441724,1608.308774,273.6286751,645.0874829,2012.765234,263.2158401,855.8237945,2416.10524,252.8560487,1066.409275,2815.461002,242.6220503,1275.008855,3207.491149,232.599964,1479.249504,3587.95826,222.8985275,1676.657457,3952.630586,213.6255672,1864.454591,4296.856851,204.8997031,2040.419417,4617.164234,196.807413,2164.607014,4905.812314,189.6567821,2275.225183,5157.437913,183.4262798,2370.096859,5369.383891,178.1818184,2444.236797,5532.371163,174.1782551
0.519962123,0,-7.078583734,41.76361974,400.6275161,85.39655925,124.4827187,802.1011946,162.3225908,259.2136644,1204.68119,223.7474258,436.1731737,1608.308774,270.3162225,645.533737,2012.765234,260.0529722,856.2858895,2416.10524,249.8632321,1066.881,2815.461002,239.8175322,1275.483128,3207.491149,230.000821,1479.719492,3587.95826,220.5201773,1677.116902,3952.630586,211.4811855,1864.896974,4296.856851,202.9997858,2040.834549,4617.164234,195.1579666,2164.975902,4905.812314,188.3497254,2275.539056,5157.437913,182.4213007,2370.356556,5369.383891,177.4381622,2444.448954,5532.371163,173.6656421
1.445897256,0,-10.31744019,42.6788992,400.6275161,82.14361668,125.3916738,802.1011946,159.0535862,260.123283,1204.68119,220.4597976,437.0885624,1608.308774,267.0089501,646.4666636,2012.765234,256.8982274,857.2317187,2416.10524,246.8819648,1067.829785,2815.461002,237.0275621,1276.423476,3207.491149,227.4187403,1480.639633,3587.95826,218.1610094,1678.005092,3952.630586,209.3578933,1865.740804,4296.856851,201.1228546,2041.61798,4617.164234,193.532804,2165.671491,4905.812314,187.0673253,2276.133046,5157.437913,181.4388348,2370.845203,5369.383891,176.7141418,2444.834196,5532.371163,173.173329
2.865874607,0,-13.45231687,44.08966707,400.6275161,78.99382936,126.7976216,802.1011946,155.8880282,261.5313918,1204.68119,217.2777085,438.5038686,1608.308774,263.8105103,647.8990435,2012.765234,253.8458509,858.6732096,2416.10524,243.9962788,1069.266739,2815.461002,234.325724,1277.840213,3207.491149,224.9167082,1482.01943,3587.95826,215.8734999,1679.330668,3952.630586,207.2979976,1866.993812,4296.856851,199.301332,2042.776535,4617.164234,191.9546011,2166.699575,4905.812314,185.8160328,2277.011875,5157.437913,180.4743013,2371.566534,5369.383891,176.0008677,2445.395547,5532.371163,172.6914052
5.705245932,0,-18.60191202,46.91486225,400.6275161,73.81605546,129.6159648,802.1011946,150.6803855,264.354458,1204.68119,212.0385225,441.3399842,1608.308774,258.539998,650.7637029,2012.765234,248.8211763,861.5499425,2416.10524,239.2520387,1072.129162,2815.461002,229.8896424,1280.658002,3207.491149,220.8144523,1484.759893,3587.95826,212.1287127,1681.959618,3952.630586,203.9317621,1869.474883,4296.856851,196.3311516,2045.067597,4617.164234,189.3878809,2168.732595,4905.812314,183.7910597,2278.750741,5157.437913,178.9206966,2372.992783,5369.383891,174.8572226,2446.499957,5532.371163,171.9277122
9.317096317,0,-24.1951599,50.5123246,400.6275161,68.18873777,133.2071245,802.1011946,145.0170717,267.9520149,1204.68119,206.3372711,444.9530435,1608.308774,252.8011471,654.4082212,2012.765234,243.3543545,865.204504,2416.10524,234.0955086,1075.760992,2815.461002,225.0730947,1284.229419,3207.491149,216.3652644,1488.229959,3587.95826,208.0721183,1685.28517,3952.630586,200.2903668,1872.609955,4296.856851,193.1239052,2047.959989,4617.164234,186.6221437,2171.299139,4905.812314,181.6172341,2280.946733,5157.437913,177.2586043,2374.793111,5369.383891,173.6381046,2447.889393,5532.371163,171.122257
20.34433365,0,-36.71620165,61.51355904,400.6275161,55.5843598,144.201567,802.1011946,132.3310113,278.9693209,1204.68119,193.5749235,456.014123,1608.308774,239.9698825,665.5402637,2012.765234,231.1229366,876.3400444,2416.10524,222.5515424,1086.804083,2815.461002,214.2825532,1295.069571,3207.491149,206.388885,1498.745598,3587.95826,198.9674047,1695.346464,3952.630586,192.1110208,1882.078399,4296.856851,185.9158111,2056.683026,4617.164234,180.4001814,2179.037446,4905.812314,176.6926987,2287.569537,5157.437913,173.4595597,2380.218272,5369.383891,170.8371047,2452.05837,5532.371163,169.2873476
42.69415349,0,-55.01659438,83.83827575,400.6275161,37.14198438,166.5314489,802.1011946,113.7589566,301.3500891,1204.68119,174.8972768,478.4773769,1608.308774,221.208856,688.1092293,2012.765234,213.2350795,898.874696,2416.10524,205.6698224,1109.116192,2815.461002,198.5015602,1316.942144,3207.491149,191.7952723,1519.937391,3587.95826,185.6458784,1715.597194,3952.630586,180.1446171,1901.110006,4296.856851,175.3773104,2074.196816,4617.164234,171.3070089,2194.571657,4905.812314,169.4573154,2300.868056,5157.437913,167.8345913,2391.105155,5369.383891,166.6762236,2460.394294,5532.371163,166.608628
72.15990606,0,-73.06565605,113.2946025,400.6275161,18.92815861,196.0107886,802.1011946,95.40390642,330.9003376,1204.68119,156.4434606,508.130925,1608.308774,202.6914614,717.8695267,2012.765234,195.5767458,928.5543024,2416.10524,189.0076657,1138.472284,2815.461002,182.9265805,1345.694585,3207.491149,177.3902816,1547.772543,3587.95826,172.4950066,1742.174333,3952.630586,168.3349057,1926.064799,4296.856851,164.9871327,2097.144481,4617.164234,162.3482767,2214.923501,4905.812314,162.2876974,2318.294109,5157.437913,162.2131659,2405.365196,5369.383891,162.5040825,2471.286623,5532.371163,163.9798675
108.5262118,0,-90.23090875,149.6691877,400.6275161,1.578619291,232.4274173,802.1011946,77.90539724,367.407719,1204.68119,138.8575589,544.7612445,1608.308774,185.0666617,754.6041324,2012.765234,178.7659331,965.1594784,2416.10524,173.1479251,1174.652832,2815.461002,168.1019128,1381.10977,3207.491149,163.6765021,1582.038992,3587.95826,159.972845,1774.87358,3952.630586,157.0930053,1956.749094,4296.856851,155.107504,2125.346514,4617.164234,153.8363573,2239.933579,4905.812314,155.4279717,2339.711445,5157.437913,156.7804255,2422.886408,5369.383891,158.4559482,2484.647703,5532.371163,161.4918178
151.7257071,0,-106.1464381,192.8960437,400.6275161,-14.53725078,275.7163095,802.1011946,61.63761907,410.8074792,1204.68119,122.5206577,588.3033117,1608.308774,168.7236095,798.2457259,2012.765234,163.168491,1008.620905,2416.10524,158.4305053,1217.587414,2815.461002,154.339796,1423.117182,3207.491149,150.9369857,1622.667131,3587.95826,148.3321372,1813.627207,3952.630586,146.6406873,1993.098064,4296.856851,145.9286939,2158.742375,4617.164234,145.9297426,2269.547835,4905.812314,148.9899879,2365.073632,5157.437913,151.6110729,2443.63044,5369.383891,154.5804994,2500.447478,5532.371163,159.1730531
201.3345427,0,-120.3902823,242.5522981,400.6275161,-28.9901096,325.4550431,802.1011946,47.0394842,460.6768119,1204.68119,107.8846744,638.3332893,1608.308774,154.1290576,848.3673411,2012.765234,149.2176544,1058.511153,2416.10524,145.2514567,1266.85191,2815.461002,141.9975572,1471.300309,3207.491149,139.4891145,1669.252804,3587.95826,137.8496373,1858.048524,3952.630586,137.2139334,2034.747944,4296.856851,137.6456874,2196.997066,4617.164234,138.7827501,2303.468514,4905.812314,143.067718,2394.125062,5157.437913,146.7547071,2467.387877,5369.383891,150.9005818,2518.526805,5532.371163,157.0257342
256.6601827,0,-133.0207675,297.9437979,400.6275161,-41.83534268,380.9477045,802.1011946,34.05786219,516.3179363,1204.68119,94.89760914,694.1515168,1608.308774,141.2312601,904.269259,2012.765234,136.8621087,1114.135086,2416.10524,133.5595756,1321.761072,2815.461002,131.0247697,1524.989928,3207.491149,129.2839434,1721.149854,3587.95826,128.4783338,1907.522288,3952.630586,128.7677297,2081.122814,4296.856851,130.2152857,2239.582332,4617.164234,132.354747,2341.227168,4905.812314,137.627626,2426.464224,5157.437913,142.1857541,2493.830607,5369.383891,147.3960762,2538.637463,5532.371163,155.0284734
316.9868524,0,-143.8612993,358.354029,400.6275161,-52.89223333,441.4766086,802.1011946,22.87727924,577.0114116,1204.68119,83.7472308,755.0364264,1608.308774,130.2206558,965.2285463,2012.765234,126.2807207,1174.77309,2416.10524,123.5203055,1381.60431,2815.461002,121.57286,1583.491049,3207.491149,120.4584234,1777.686351,3587.95826,120.3401565,1961.40783,3952.630586,121.408257,2131.622064,4296.856851,123.7271117,2285.946593,4617.164234,126.7191818,2382.334554,4905.812314,132.7239614,2461.671885,5157.437913,137.9439645,2522.615795,5369.383891,144.0939561,2560.519102,5532.371163,153.1915193
381.547945,0,-152.9569852,423.0146167,400.6275161,-62.20369116,506.2713945,802.1011946,13.45569093,641.9846858,1204.68119,74.39018745,820.2132141,1608.308774,121.0510762,1030.470415,2012.765234,117.4302836,1239.65551,2416.10524,115.0930962,1445.622957,2815.461002,113.6043929,1646.062776,3207.491149,112.9787066,1838.146949,3587.95826,113.4049339,2019.024009,3952.630586,115.1085817,2185.608037,4296.856851,118.1568605,2335.504921,4617.164234,121.8549708,2426.27211,4905.812314,128.3457284,2499.303787,5157.437913,134.0270418,2553.380402,5369.383891,140.9946479,2583.8966,5532.371163,151.5093841
449.5260297,0,-160.5681909,491.1053677,400.6275161,-70.02957896,574.5091022,802.1011946,5.531501501,710.4122006,1204.68119,66.55955858,888.8539668,1608.308774,113.4479382,1099.168282,2012.765234,110.0527764,1307.962631,2416.10524,108.0376597,1513.010202,2815.461002,106.8983176,1711.918192,3207.491149,106.6443866,1901.772741,3587.95826,107.4936589,2079.649035,3952.630586,109.7110029,2242.405838,4296.856851,113.3677725,2387.638846,4617.164234,117.6471227,2472.491757,4905.812314,124.4158179,2538.890445,5157.437913,130.3888503,2585.741003,5369.383891,138.0700527,2608.479973,5532.371163,149.9590124
520.0695636,0,-167.0265146,561.771604,400.6275161,-76.70166796,645.3319731,802.1011946,-1.229886115,781.4333956,1204.68119,59.91366913,960.0956604,1608.308774,107.0597608,1170.460909,2012.765234,103.818309,1378.8408,2416.10524,102.0473675,1582.926187,2815.461002,101.1730977,1780.238451,3207.491149,101.2007106,1967.774288,3587.95826,102.3792861,2142.532325,3952.630586,105.0161244,2301.313889,4296.856851,109.1877477,2441.705621,4617.164234,113.9517203,2520.423984,4905.812314,120.8381583,2579.944066,5157.437913,126.97202,2619.299295,5369.383891,135.2856208,2633.968089,5532.371163,148.5138453
592.30664,0,-172.523248,634.1388154,400.6275161,-82.41026733,717.8627862,802.1011946,-7.020012136,854.1683482,1204.68119,54.25617729,1033.0558,1608.308774,101.6830538,1243.466736,2012.765234,98.53651809,1451.415258,2416.10524,96.94566944,1654.509472,2815.461002,96.26714107,1850.182977,3207.491149,96.50212185,2035.340604,3587.95826,97.93274409,2206.90223,3952.630586,100.9109908,2361.610347,4296.856851,105.5193472,2497.043502,4617.164234,110.6875889,2569.482313,4905.812314,117.562105,2621.9623,5157.437913,123.7505738,2653.644924,5369.383891,132.627975,2660.050255,5532.371163,147.1604058
665.3512746,0,-177.2410154,707.3184119,400.6275161,-87.33707838,791.2102188,802.1011946,-12.02195291,927.7229838,1204.68119,49.39892294,1106.837672,1608.308774,97.12214139,1317.289953,2012.765234,94.02486171,1524.797062,2416.10524,92.56379841,1726.8846,2815.461002,92.02653595,1920.897482,3207.491149,92.41057631,2103.647431,3587.95826,94.03222589,2271.974439,3952.630586,97.28956784,2422.561483,4296.856851,102.2716293,2552.979818,4617.164234,107.7795965,2619.070595,4905.812314,114.5427295,2664.434538,5157.437913,120.7037181,2688.360783,5369.383891,130.0880081,2686.410565,5532.371163,145.8883544
738.3093052,0,-181.3641737,780.4136009,400.6275161,-91.66553792,864.4747195,802.1011946,-16.42055023,1001.194972,1204.68119,45.15190676,1180.536278,1608.308774,93.17940686,1391.026478,2012.765234,90.09901398,1598.08906,2416.10524,88.73136876,1799.168034,2815.461002,88.29592564,1991.519791,3207.491149,88.78676613,2171.86291,3587.95826,90.55484271,2336.957406,3952.630586,94.04491263,2483.4268,4296.856851,99.35290702,2608.83569,4617.164234,105.1520347,2668.587179,4905.812314,111.7348531,2706.845464,5157.437913,117.8106539,2723.025917,5369.383891,127.6567015,2712.730201,5532.371163,144.6874006
810.292009,0,-185.0482506,852.5331515,400.6275161,-95.55019511,936.762386,802.1011946,-20.3716726,1073.687662,1204.68119,41.35422737,1253.252289,1608.308774,89.6864791,1463.777747,2012.765234,86.60259801,1670.399419,2416.10524,85.30447484,1870.481341,2815.461002,84.94479849,2061.192598,3207.491149,85.51443706,2239.159775,3587.95826,87.39882898,2401.063857,3952.630586,91.08916108,2543.469693,4296.856851,96.68844024,2663.935731,4617.164234,102.7439473,2717.433505,4905.812314,109.1050018,2748.682428,5157.437913,115.0595756,2757.221525,5369.383891,125.3317056,2738.691836,5532.371163,143.5519503
880.4232313,0,-188.4256526,922.7985199,400.6275161,-99.1223623,1007.192101,802.1011946,-24.00775101,1144.317244,1204.68119,37.86875531,1324.099241,1608.308774,86.49917378,1534.657935,2012.765234,83.40209083,1740.848821,2416.10524,82.16058596,1939.958301,2815.461002,81.86241764,2129.070424,3207.491149,82.49539861,2304.722091,3587.95826,84.47868872,2463.51722,3952.630586,88.34887572,2601.963494,4296.856851,94.21603905,2717.613603,4617.164234,100.5050143,2765.019017,4905.812314,106.6274761,2789.43964,5157.437913,112.444087,2790.534387,5369.383891,123.1143728,2763.982298,5532.371163,142.4788909
947.8528042,0,-191.5792863,990.357397,400.6275161,-102.463734,1074.909179,802.1011946,-27.41136923,1212.22645,1204.68119,34.6086093,1392.217246,1608.308774,83.52406123,1602.807527,2012.765234,80.41227064,1808.583802,2416.10524,79.22272558,2006.757939,2815.461002,78.98057426,2194.332237,3207.491149,79.67070099,2367.757347,3587.95826,81.74466336,2523.563053,3952.630586,85.78269712,2658.202067,4296.856851,91.90181896,2769.221667,4617.164234,98.40934385,2810.769719,4905.812314,104.2953919,2828.62552,5157.437913,109.9717505,2822.562846,5369.383891,121.0161505,2788.296969,5532.371163,141.4722084
1011.784831,0,-194.5137854,1054.412165,400.6275161,-105.5775604,1139.113969,802.1011946,-30.58628395,1276.613251,1204.68119,31.56644641,1456.801759,1608.308774,80.74816589,1667.421941,2012.765234,77.62440012,1872.805021,2416.10524,76.48597432,2070.092243,2815.461002,76.2982481,2256.208412,3207.491149,77.04330193,2427.522383,3587.95826,79.20328852,2580.493625,3952.630586,83.39971998,2711.522726,4296.856851,89.75635118,2818.151924,4617.164234,96.46933188,2854.146725,4905.812314,102.1310909,2865.778597,5157.437913,107.6715595,2852.929779,5369.383891,119.0638624,2811.349504,5532.371163,140.5467523
1071.562621,0,-197.1826184,1114.304908,400.6275161,-108.415972,1199.147014,802.1011946,-33.48478148,1336.816264,1204.68119,28.78738125,1517.189272,1608.308774,78.21236887,1727.837367,2012.765234,75.08040569,1932.852697,2416.10524,73.99263907,2129.310533,2815.461002,73.85791592,2314.063232,3207.491149,74.65565457,2483.403154,3587.95826,76.89643841,2633.723982,3952.630586,81.24021717,2761.377556,4296.856851,87.81727154,2863.901535,4617.164234,94.72017473,2894.704334,4905.812314,100.1724664,2900.517228,5157.437913,105.5821163,2881.323243,5369.383891,117.290352,2832.902832,5532.371163,139.7221133
1126.603146,0,-199.6510489,1169.451128,400.6275161,-111.0428199,1254.42221,802.1011946,-36.17042729,1392.247681,1204.68119,26.20630367,1572.790274,1608.308774,75.84876609,1783.464495,2012.765234,72.71656136,1988.141627,2416.10524,71.68315687,2183.836133,2815.461002,71.60467573,2367.333677,3207.491149,72.45801066,2534.856181,3587.95826,74.77968543,2682.73675,3952.630586,79.26480658,2807.282334,4296.856851,86.04982453,2906.026406,4617.164234,93.13222435,2932.048871,4905.812314,98.40146132,2932.504154,5157.437913,103.6951298,2907.467672,5369.383891,115.6916212,2852.748208,5532.371163,138.9914779
1176.283478,0,-202.0417409,1219.226141,400.6275161,-113.5789439,1304.31306,802.1011946,-38.76323564,1442.279212,1204.68119,23.70241094,1622.97477,1608.308774,73.53463207,1833.673748,2012.765234,70.41560559,2038.046847,2416.10524,69.44596871,2233.053394,2815.461002,69.43357408,2415.418843,3207.491149,70.35291601,2581.301581,3587.95826,72.76363885,2726.980072,3952.630586,77.39225974,2848.720748,4296.856851,84.380808,2944.053163,4617.164234,91.64100708,2965.760653,4905.812314,96.76977351,2961.37972,5157.437913,101.9769594,2931.069237,5369.383891,114.2436072,2870.663469,5532.371163,138.3327952
1219.944677,0,-204.4616185,1262.969248,400.6275161,-116.1290624,1348.157021,802.1011946,-41.36664617,1486.246458,1204.68119,21.17203884,1667.076563,1608.308774,71.1649952,1877.799215,2012.765234,68.07666742,2081.907169,2416.10524,67.1843839,2276.310842,2815.461002,67.2529584,2457.682747,3207.491149,68.25461866,2622.125512,3587.95826,70.7689957,2765.869679,3952.630586,75.54981721,2885.146075,4296.856851,82.74385605,2977.480482,4617.164234,90.18728639,2995.395184,4905.812314,95.2320534,2986.762987,5157.437913,100.3953113,2951.816699,5369.383891,112.9226433,2886.413248,5532.371163,137.7235276
1256.914076,0,-206.9445387,1300.006281,400.6275161,-118.7244984,1385.278244,802.1011946,-44.01030189,1523.47172,1204.68119,18.58582588,1704.416053,1608.308774,68.70974538,1915.161184,2012.765234,65.67019162,2119.04726,2416.10524,64.86900962,2312.942687,2815.461002,65.03405706,2493.475112,3207.491149,66.13546004,2656.70006,3587.95826,68.76943021,2798.807631,3952.630586,73.71230622,2915.998515,4296.856851,81.11457931,3005.794833,4617.164234,88.74807115,3020.49712,4905.812314,93.771292,3008.26376,5157.437913,98.93937542,2969.391177,5369.383891,111.7207742,2899.756064,5532.371163,137.1517968
1286.53234,0,-209.4219987,1329.676825,400.6275161,-121.2939922,1415.014928,802.1011946,-46.6209532,1553.291438,1204.68119,16.01773315,1734.327711,1608.308774,66.24259411,1945.093485,2012.765234,63.26585302,2148.804664,2416.10524,62.56447592,2342.295338,2815.461002,62.83632568,2522.157159,3207.491149,64.04965907,2684.408037,3587.95826,66.81365009,2825.205834,3952.630586,71.92233259,2940.727109,4296.856851,79.52879369,3028.490506,4617.164234,87.3527868,3040.618029,4905.812314,92.41212295,3025.497841,5157.437913,97.63039666,2983.478596,5369.383891,110.6538377,2910.453587,5532.371163,136.6224371
1308.196631,0,-211.6834075,1351.377619,400.6275161,-123.624127,1436.762922,802.1011946,-48.98300986,1575.099915,1204.68119,13.68441053,1756.203875,1608.308774,63.98039663,1966.987119,2012.765234,61.07043674,2170.572951,2416.10524,60.46568344,2363.769763,2815.461002,60.84180466,2543.142833,3207.491149,62.16552948,2704.682672,3587.95826,65.05525173,2844.523705,3952.630586,70.31759562,2958.824856,4296.856851,78.10716936,3045.101723,4617.164234,86.10512659,3055.34487,4905.812314,91.2387175,3038.111475,5157.437913,96.53582104,2993.789623,5369.383891,109.7722473,2918.285521,5532.371163,136.1651207
1321.414202,0,-213.3760005,1364.616257,400.6275161,-125.3594778,1450.029549,802.1011946,-50.73886765,1588.403286,1204.68119,11.94478015,1769.548867,1608.308774,62.28271441,1980.344396,2012.765234,59.42754595,2183.855527,2416.10524,58.89770721,2376.874562,2815.461002,59.35519372,2555.950653,3207.491149,60.76569566,2717.057674,3587.95826,63.7530656,2856.315857,3952.630586,69.13137895,2969.873375,4296.856851,77.05589731,3055.243613,4617.164234,85.183846,3064.33633,4905.812314,90.39546708,3045.812492,5157.437913,95.76976374,3000.085129,5369.383891,109.1614074,2923.06889,5532.371163,135.835201
1325.858437,0,-214.0280833,1369.067258,400.6275161,-126.0261383,1454.489747,802.1011946,-51.41266838,1592.8758,1204.68119,11.27613426,1774.035464,1608.308774,61.62784307,1984.835551,2012.765234,58.79476634,2188.322034,2416.10524,58.29429068,2381.281691,2815.461002,58.78378537,2560.258247,3207.491149,60.22856351,2721.220001,3587.95826,63.2542709,2860.282441,3952.630586,68.67742914,2973.590128,4296.856851,76.65344527,3058.655607,4617.164234,84.8313963,3067.361304,4905.812314,90.07786084,3048.403262,5157.437913,95.48580047,3002.203138,5369.383891,108.9363651,2924.678572,5532.371163,135.7105187
